case	outcome	leaf	object	reason	checked	declared	retained_checked
csv-unique-decimal.sexp	accepted	-	-	-	measured	-	measured
csv-scientific.sexp	accepted	-	-	-	measured	-	measured
csv-negative-zero.sexp	accepted	-	-	-	measured	-	measured
csv-exponent-bound.sexp	accepted	-	-	-	measured	-	measured
csv-exponent-over-bound.sexp	extraction	measured	-	csv-selection	-	-	-
csv-exponent-digit-bound.sexp	extraction	measured	-	csv-selection	-	-	-
csv-mantissa-over-bound.sexp	extraction	measured	-	csv-selection	-	-	-
csv-ambiguous-key.sexp	extraction	measured	-	csv-selection	-	-	-
csv-key-absent.sexp	extraction	measured	-	csv-selection	-	-	-
csv-column-absent.sexp	extraction	measured	-	csv-selection	-	-	-
csv-ragged-row.sexp	extraction	measured	-	csv-selection	-	-	-
csv-duplicate-header.sexp	extraction	measured	-	csv-selection	-	-	-
csv-proposition-mismatch.sexp	extraction	measured	-	mismatch	-	-	-
json-number.sexp	accepted	-	-	-	measured	-	measured
json-scientific.sexp	accepted	-	-	-	measured	-	measured
json-array.sexp	accepted	-	-	-	measured	-	measured
json-array-noncanonical-index.sexp	extraction	measured	-	json-selection	-	-	-
json-pointer-escapes.sexp	accepted	-	-	-	measured	-	measured
json-pointer-missing.sexp	extraction	measured	-	json-selection	-	-	-
json-duplicate-selected-key.sexp	extraction	measured	-	json-selection	-	-	-
json-boolean-not-decimal.sexp	extraction	measured	-	json-selection	-	-	-
json-null-not-decimal.sexp	extraction	measured	-	json-selection	-	-	-
json-string-not-decimal.sexp	extraction	measured	-	json-selection	-	-	-
json-decimal-line.sexp	accepted	-	-	-	measured	-	measured
json-decimal-line-double-lf.sexp	extraction	measured	-	json-selection	-	-	-
json-decimal-line-crlf.sexp	extraction	measured	-	json-selection	-	-	-
json-decimal-line-leading-space.sexp	extraction	measured	-	json-selection	-	-	-
json-text.sexp	accepted	-	-	-	measured	-	measured
binding-missing-request.sexp	binding	measured	-	binding	-	-	-
binding-provenance-family.sexp	binding	measured	-	binding	-	-	-
binding-reference.sexp	binding	measured	-	binding	-	-	-
binding-unapproved.sexp	binding	measured	-	binding	-	-	-
binding-unsupported-version.sexp	binding	measured	-	binding	-	-	-
binding-noncertified-request.sexp	binding	measured	-	binding	-	-	-
capture-missing.sexp	capture	measured	data	missingdep	-	-	-
capture-integrity.sexp	capture	measured	data	integrity	-	-	-
later-binding-before-capture.sexp	binding	second	-	binding	-	-	-
later-binding-before-extraction.sexp	binding	second	-	binding	-	-	-
capture-manifest-order.sexp	capture	second	data2	second	-	-	-
extraction-leaf-order.sexp	extraction	measured	-	mismatch	-	-	-
unrequested-capture-ignored.sexp	accepted	-	-	-	measured	-	measured
requested-metadata-change.sexp	accepted	-	-	-	measured	-	measured
mixed-declared-checked.sexp	accepted	-	-	-	measured	ordinary	measured
quarantined-certified-checked.sexp	accepted	-	-	-	measured	-	-
policy-before-evidence.sexp	policy	-	-	-	-	-	-
retained-nested-holes.sexp	accepted	-	-	-	measured	e,ep	measured
codec-version.sexp	codec-invalid	-	-	-	-	-	-
codec-duplicate-object.sexp	codec-invalid	-	-	-	-	-	-
codec-duplicate-leaf.sexp	codec-invalid	-	-	-	-	-	-
codec-duplicate-allowlist.sexp	codec-invalid	-	-	-	-	-	-
json-depth-127-empty-array.sexp	accepted	-	-	-	measured	-	measured
json-depth-128-empty-array.sexp	accepted	-	-	-	measured	-	measured
json-depth-129-empty-array.sexp	extraction	measured	-	json-selection	-	-	-
json-depth-127-empty-object.sexp	accepted	-	-	-	measured	-	measured
json-depth-128-empty-object.sexp	accepted	-	-	-	measured	-	measured
json-depth-129-empty-object.sexp	extraction	measured	-	json-selection	-	-	-
json-depth-127-scalar.sexp	accepted	-	-	-	measured	-	measured
json-depth-128-scalar.sexp	accepted	-	-	-	measured	-	measured
json-depth-129-scalar.sexp	extraction	measured	-	json-selection	-	-	-
codec-csv-decimal-line.sexp	codec-invalid	-	-	-	-	-	-
csv-selectors-256.sexp	accepted	-	-	-	measured	-	measured
codec-csv-selectors-257.sexp	codec-invalid	-	-	-	-	-	-
json-selectors-256.sexp	accepted	-	-	-	measured	-	measured
codec-json-selectors-257.sexp	codec-invalid	-	-	-	-	-	-
