group	artifact	claim_id	claim_type	double_annotate	expected_status	located_holes
paperbench	adaptive-pruning	C03	comparative	no	gap	1
paperbench	adaptive-pruning	C04	causal	yes	gap	1
paperbench	all-in-one	C01	comparative	no	gap	1
paperbench	all-in-one	C03	generalization	no	gap	1
paperbench	all-in-one	C05	descriptive	yes	gap	1
paperbench	all-in-one	C06	negative-result	no	gap	1
paperbench	bam	C05	comparative	yes	justified	0
paperbench	bam	C06	causal	yes	gap	1
paperbench	bbox	C02	comparative	no	gap	1
paperbench	bbox	C04	causal	no	gap	1
paperbench	bbox	C05	generalization	yes	gap	1
paperbench	bbox	C06	negative-result	no	gap	1
paperbench	bridging-data-gaps	C03	comparative	no	gap	1
paperbench	bridging-data-gaps	C05	causal	no	gap	1
paperbench	fre	C01	generalization	yes	justified	0
paperbench	fre	C03	generalization	no	gap	1
paperbench	fre	C04	causal	no	defeated	0
paperbench	ftrl	C01	negative-result	yes	gap	1
paperbench	lbcs	C03	descriptive	no	gap	1
paperbench	lbcs	C05	comparative	yes	gap	1
paperbench	mechanistic-understanding	C02	causal	no	gap	1
paperbench	mechanistic-understanding	C04	descriptive	no	gap	1
paperbench	pinn	C01	descriptive	no	justified	0
paperbench	pinn	C03	causal	yes	gap	1
paperbench	pinn	C05	comparative	no	gap	1
paperbench	rice	C01	comparative	no	justified	0
paperbench	robust-clip	C02	comparative	no	gap	1
paperbench	robust-clip	C03	descriptive	yes	gap	1
paperbench	robust-clip	C07	negative-result	yes	gap	1
paperbench	sample-specific-masks	C05	causal	no	justified	0
paperbench	sample-specific-masks	C06	comparative	no	justified	0
paperbench	sapg	C01	negative-result	no	gap	1
paperbench	sapg	C02	comparative	no	gap	1
paperbench	sapg	C06	causal	no	gap	1
paperbench	self-composing-policies	C01	descriptive	no	justified	0
paperbench	self-composing-policies	C04	comparative	yes	gap	1
paperbench	self-expansion	C03	causal	no	gap	1
paperbench	self-expansion	C04	generalization	no	gap	1
paperbench	semantic-self-consistency	C03	comparative	no	gap	1
paperbench	semantic-self-consistency	C05	descriptive	yes	gap	1
paperbench	semantic-self-consistency	C06	negative-result	no	gap	1
paperbench	sequential-neural-score-estimation	C04	comparative	yes	gap	1
paperbench	stay-on-topic-with-classifier-free-guidance	C02	comparative	no	gap	1
paperbench	stay-on-topic-with-classifier-free-guidance	C05	causal	no	gap	1
paperbench	stay-on-topic-with-classifier-free-guidance	C06	descriptive	no	gap	1
paperbench	stochastic-interpolants	C01	descriptive	no	gap	1
paperbench	stochastic-interpolants	C03	causal	no	gap	1
paperbench	test-time-model-adaptation	C04	negative-result	yes	defeated	0
paperbench	test-time-model-adaptation	C05	causal	no	gap	1
paperbench	test-time-model-adaptation	C07	comparative	yes	gap	1
paperbench	what-will-my-model-forget	C01	comparative	no	gap	1
paperbench	what-will-my-model-forget	C03	negative-result	no	gap	1
rebench	rebench-fix_embedding	C12	implementation-behavioral	no	gap	1
rebench	rebench-nanogpt_chat_rl	C04	implementation-behavioral	no	gap	1
rebench	rebench-restricted_mlm	C07	implementation-behavioral	no	gap	1
rebench	rebench-restricted_mlm	C14	implementation-behavioral	no	justified	0
rebench	rebench-rust_codecontests	C02	implementation-behavioral	yes	justified	0
rebench	rebench-rust_codecontests	C09	implementation-behavioral	no	gap	1
rebench	rebench-triton_cumsum	C05	implementation-behavioral	no	gap	1
rebench	rebench-triton_cumsum	C09	negative-result	yes	defeated	0
